Timestamp,EAR_Instant,PERCLOS,BPM,Mean_EAR,Gaze_Jitter,Pitch_Angle,Pitch_STD,Prob_Deterioro
2026-09-26 23:05:46,0.2197,0.0,0,0.2197,0.000283,174.03,0.0,0.0
2026-09-26 23:05:47,0.257,0.0,0,0.2477,0.00023,174.66,0.6739,0.0
2026-09-26 23:05:48,0.2392,30.65,2,0.1936,0.001062,173.57,1.0649,0.0
2026-09-26 23:05:49,0.0912,47.83,3,0.1726,0.000536,172.85,1.0036,0.5
2026-09-26 23:05:50,0.1447,57.72,5,0.1633,0.000417,173.13,0.9617,0.25
2026-09-26 23:05:51,0.1,66.23,5,0.1514,0.000384,173.39,0.902,0.5
2026-09-26 23:05:52,0.0715,71.74,5,0.1411,0.000208,174.67,0.8595,0.5
2026-09-26 23:05:53,0.1086,75.81,5,0.1328,0.000358,175.3,0.8712,0.5
2026-09-26 23:05:54,0.1529,78.86,5,0.1332,0.000221,178.09,1.4486,0.5
2026-09-26 23:05:55,0.1988,77.9,8,0.1381,6.7e-05,178.87,62.8481,0.15
2026-09-26 23:05:56,0.2574,70.03,8,0.1473,0.00028,-175.83,117.2583,0.25
2026-09-26 23:05:57,0.2508,63.61,8,0.1561,0.00011,179.66,141.6756,0.15
2026-09-26 23:05:58,0.1038,59.24,8,0.1605,4e-05,168.97,137.168,0.4
2026-09-26 23:05:59,0.108,62.31,8,0.1544,0.000218,164.34,132.7365,0.5
2026-09-26 23:06:00,0.0744,65.03,8,0.1505,0.000229,166.27,128.5597,0.5
2026-09-26 23:06:01,0.0841,67.32,8,0.1457,2.7e-05,165.7,124.8732,0.5
2026-09-26 23:06:02,0.0449,69.33,8,0.1397,9.2e-05,166.55,121.5161,0.5
2026-09-26 23:06:03,0.221,70.19,9,0.1377,0.000584,169.67,118.3371,0.25
2026-09-26 23:06:04,0.0863,67.45,9,0.1408,0.000543,171.57,115.4982,0.5
2026-09-26 23:06:05,0.0872,67.01,12,0.1425,0.000639,169.44,112.6831,0.25
2026-09-26 23:06:06,0.2418,65.64,14,0.1443,0.000503,176.63,110.086,0.0
2026-09-26 23:06:07,0.2502,62.58,14,0.1498,0.000684,-174.6,122.4762,0.4
2026-09-26 23:06:08,0.2624,60.09,15,0.1531,0.000229,-159.61,134.2704,0.4
2026-09-26 23:06:09,0.2212,58.01,17,0.1574,0.000754,166.38,136.874,0.15
2026-09-26 23:06:10,0.2441,55.65,17,0.1607,0.000186,164.24,134.554,0.0
2026-09-26 23:06:11,0.2969,53.39,17,0.1643,9.9e-05,166.97,132.2921,0.0
2026-09-26 23:06:12,0.2885,51.32,17,0.1697,0.000115,168.35,130.1719,0.0
2026-09-26 23:06:13,0.1552,52.0,18,0.1688,0.000153,163.82,128.1722,0.4199
2026-09-26 23:06:15,0.1541,53.68,18,0.1677,0.000258,164.59,126.2536,0.5
2026-09-26 23:06:16,0.1253,55.29,18,0.1657,0.000298,164.38,124.3553,0.5
2026-09-26 23:06:17,0.2254,55.77,19,0.1661,0.000232,167.27,122.6032,0.25
2026-09-26 23:06:18,0.2447,55.49,20,0.167,0.000132,176.23,120.991,0.3351
2026-09-26 23:06:19,0.2739,53.78,20,0.1703,0.00013,-176.06,127.3947,0.5851
2026-09-26 23:06:20,0.2926,52.33,21,0.173,0.000255,-173.82,134.8765,0.25
2026-09-26 23:06:21,0.3045,50.82,21,0.1772,0.000232,-175.91,140.8765,0.4
2026-09-26 23:06:22,0.1866,49.72,21,0.1795,0.00232,173.43,142.6679,0.25
2026-09-26 23:06:23,0.2246,49.23,23,0.1802,0.000256,170.56,141.196,0.1
2026-09-26 23:06:24,0.236,48.28,24,0.1811,0.0001,170.4,139.7972,0.1
2026-09-26 23:06:25,0.1186,48.36,26,0.1812,0.001868,163.05,138.3585,0.4
2026-09-26 23:07:31,0.2629,0.0,0,0.2629,9.7e-05,175.68,0.0,0.0
2026-09-26 23:07:32,0.1625,43.75,0,0.215,0.000228,174.36,0.7098,0.4194
2026-09-26 23:07:33,0.0572,71.43,0,0.1567,0.000296,176.33,0.6801,0.5
2026-09-26 23:07:34,0.263,65.59,1,0.1612,0.000299,179.03,1.1217,0.25
2026-09-26 23:07:35,0.075,56.45,1,0.1805,0.000167,178.35,97.0864,0.65
2026-09-26 23:07:36,0.0811,64.94,1,0.1611,0.000128,177.51,108.9004,0.65
2026-09-26 23:07:37,0.0928,70.81,1,0.1493,0.000196,-176.54,146.5256,0.9
2026-09-26 23:07:38,0.1589,74.88,1,0.144,0.000407,-175.6,166.0823,0.75
2026-09-26 23:07:39,0.0889,78.05,1,0.1396,0.000406,-174.26,173.9511,0.75
2026-09-26 23:07:40,0.0825,80.43,1,0.1362,0.000176,-174.42,176.2885,0.75
2026-09-26 23:07:41,0.1371,82.41,1,0.1351,0.000364,-174.59,176.1756,0.85
2026-09-26 23:07:42,0.1163,84.02,1,0.1355,0.00044,-175.72,174.6189,0.75
2026-09-26 23:07:43,0.081,85.33,1,0.1331,0.000166,-175.29,172.3572,0.75
2026-09-26 23:07:44,0.1161,86.43,1,0.1313,0.0002,-174.03,169.7233,0.75
2026-09-26 23:07:45,0.1275,87.41,1,0.1297,0.000243,-173.47,166.6881,0.75
2026-09-26 23:07:46,0.1656,88.26,1,0.1324,0.000228,-174.4,163.6995,0.75
2026-09-26 23:07:47,0.16,88.57,2,0.1357,0.000353,-173.89,160.8257,0.75
2026-09-26 23:07:48,0.2667,88.59,3,0.1384,0.006011,169.84,158.5665,0.5
2026-09-26 23:07:49,0.1061,87.27,3,0.1429,0.032067,170.49,161.0447,0.9
2026-09-26 23:07:50,0.232,85.28,6,0.146,0.000361,166.09,165.332,0.0
2026-09-26 23:07:51,0.2114,81.04,7,0.1506,0.000338,177.72,167.3677,0.15
2026-09-26 23:07:52,0.173,77.8,7,0.1543,0.000181,174.56,169.7877,0.4
2026-09-26 23:07:53,0.1388,78.84,7,0.1538,0.00014,-171.47,171.0696,0.9
2026-09-26 23:07:54,0.1635,79.77,7,0.1541,8.1e-05,-169.42,169.4778,0.75
2026-09-26 23:07:55,0.3043,77.68,11,0.1568,8.5e-05,-171.48,167.8552,0.25
2026-09-26 23:07:56,0.2744,74.47,11,0.1636,0.000335,178.67,166.9614,0.15
2026-09-26 23:07:57,0.2911,71.5,11,0.1682,8.5e-05,172.41,169.2692,0.0
2026-09-26 23:07:58,0.2436,69.96,12,0.172,0.000152,164.31,170.7563,0.15
2026-09-26 23:07:59,0.275,68.21,15,0.1744,0.000101,169.15,171.7611,0.0
2026-09-26 23:08:00,0.0653,68.31,15,0.1739,0.00053,168.06,172.4864,0.5
2026-09-26 23:08:01,0.2309,67.81,17,0.1735,0.000834,170.18,172.9276,0.0
2026-09-26 23:08:02,0.2285,65.63,17,0.1754,0.000221,169.23,173.135,0.0
2026-09-26 23:08:03,0.2832,65.04,19,0.1761,0.000605,170.68,173.1656,0.0
2026-09-26 23:08:05,0.2569,63.81,21,0.1779,0.000392,169.36,173.0144,0.0
2026-09-26 23:08:06,0.2584,62.85,23,0.1791,0.000407,168.79,172.7263,0.0
2026-09-26 23:08:07,0.0442,61.67,24,0.1804,0.000438,166.76,172.3323,0.25
2026-09-26 23:08:08,0.0749,62.08,25,0.1788,0.000798,167.52,171.8347,0.5
2026-09-26 23:08:09,0.1209,63.11,25,0.1774,0.000491,-174.79,171.5506,0.9
2026-09-26 23:08:10,0.1267,64.1,25,0.1767,0.000176,176.09,172.173,0.65
2026-09-26 23:08:11,0.3634,63.01,27,0.1788,0.000459,159.28,171.4609,0.15
2026-09-26 23:08:12,0.1934,62.11,28,0.1815,0.000488,175.31,171.0168,0.15
2026-09-26 23:08:13,0.2864,60.95,30,0.184,0.000214,170.76,170.4979,0.25
